{"cameraMode":{"drawMode":0,"name":"Shaded","section":"Shading Mode"},"sceneLighting":true,"audioPlay":false,"sceneViewState":{"m_AlwaysRefresh":false,"showFog":true,"showSkybox":true,"showFlares":true,"showImageEffects":true,"showParticleSystems":true,"showVisualEffectGraphs":true,"m_FxEnabled":true},"in2DMode":false,"pivot":{"x":20.822938919067384,"y":-54.29927062988281,"z":-79.76052856445313},"rotation":{"x":0.023032912984490396,"y":0.9431875348091126,"z":-0.32647114992141726,"w":0.06261655688285828},"size":114.67620086669922,"orthographic":false}